<?xml version="1.0" encoding="UTF-8"?>
<metadata xml:lang="en"><Esri><CreaDate>20200508</CreaDate><CreaTime>14543200</CreaTime><ArcGISFormat>1.0</ArcGISFormat><SyncOnce>FALSE</SyncOnce><DataProperties><itemProps><itemName Sync="TRUE">polymap15m_area</itemName><imsContentType Sync="TRUE">002</imsContentType><itemSize Sync="TRUE">0.000</itemSize><itemLocation><linkage Sync="TRUE">file://\\NGDC_1\D\DATA_ARCHIVAL\GEOGRAPHICAL_MAPS_OF_INDIA\DGN_GEOGRAPHICAL_MAP\POLITICAL_MAP_OF_INDIA\POLITICAL FINAL 15M\outline data 15m polmap\polymap15m_area.shp</linkage><protocol Sync="TRUE">Local Area Network</protocol></itemLocation></itemProps><coordRef><type Sync="TRUE">Projected</type><geogcsn Sync="TRUE">GCS_WGS_1984</geogcsn><csUnits Sync="TRUE">Linear Unit: Meter (1.000000)</csUnits><projcsn Sync="TRUE">LCC_WGS84</projcsn><peXml Sync="TRUE">&lt;ProjectedCoordinateSystem xsi:type='typens:ProjectedCoordinateSystem' xmlns:xsi='http://www.w3.org/2001/XMLSchema-instance' xmlns:xs='http://www.w3.org/2001/XMLSchema' xmlns:typens='http://www.esri.com/schemas/ArcGIS/10.7'&gt;&lt;WKT&gt;PROJCS[&amp;quot;LCC_WGS84&amp;quot;,GEOGCS[&amp;quot;GCS_WGS_1984&amp;quot;,DATUM[&amp;quot;D_WGS_1984&amp;quot;,SPHEROID[&amp;quot;WGS_1984&amp;quot;,6378137.0,298.257223563]],PRIMEM[&amp;quot;Greenwich&amp;quot;,0.0],UNIT[&amp;quot;Degree&amp;quot;,0.0174532925199433]],PROJECTION[&amp;quot;Lambert_Conformal_Conic&amp;quot;],PARAMETER[&amp;quot;False_Easting&amp;quot;,4000000.0],PARAMETER[&amp;quot;False_Northing&amp;quot;,4000000.0],PARAMETER[&amp;quot;Central_Meridian&amp;quot;,80.0],PARAMETER[&amp;quot;Standard_Parallel_1&amp;quot;,12.472944],PARAMETER[&amp;quot;Standard_Parallel_2&amp;quot;,35.172806],PARAMETER[&amp;quot;Scale_Factor&amp;quot;,1.0],PARAMETER[&amp;quot;Latitude_Of_Origin&amp;quot;,24.0],UNIT[&amp;quot;Meter&amp;quot;,1.0]]&lt;/WKT&gt;&lt;XOrigin&gt;-35091300&lt;/XOrigin&gt;&lt;YOrigin&gt;-22777300&lt;/YOrigin&gt;&lt;XYScale&gt;115207210.48853569&lt;/XYScale&gt;&lt;ZOrigin&gt;-100000&lt;/ZOrigin&gt;&lt;ZScale&gt;10000&lt;/ZScale&gt;&lt;MOrigin&gt;-100000&lt;/MOrigin&gt;&lt;MScale&gt;10000&lt;/MScale&gt;&lt;XYTolerance&gt;0.001&lt;/XYTolerance&gt;&lt;ZTolerance&gt;0.001&lt;/ZTolerance&gt;&lt;MTolerance&gt;0.001&lt;/MTolerance&gt;&lt;HighPrecision&gt;true&lt;/HighPrecision&gt;&lt;/ProjectedCoordinateSystem&gt;</peXml></coordRef><lineage><Process ToolSource="c:\program files (x86)\arcgis\desktop10.7\ArcToolbox\Toolboxes\Conversion Tools.tbx\FeatureClassToFeatureClass" Date="20200508" Time="145433">FeatureClassToFeatureClass C:\test\admpol15m_grd.dgn\Polyline "D:\DATA_ARCHIVAL\GEOGRAPHICAL_MAPS_OF_INDIA\DGN_GEOGRAPHICAL_MAP\POLITICAL_MAP_OF_INDIA\POLITICAL FINAL 15M\outline data 15m polmap" line.shp # "Entity "Entity" true true false 16 Text 0 0 ,First,#,C:\test\admpol15m_grd.dgn\Polyline,Entity,-1,-1;Handle "Handle" true true false 16 Text 0 0 ,First,#,C:\test\admpol15m_grd.dgn\Polyline,Handle,-1,-1;Level "Level" true true false 4 Long 0 0 ,First,#,C:\test\admpol15m_grd.dgn\Polyline,Level,-1,-1;Layer "Layer" true true false 255 Text 0 0 ,First,#,C:\test\admpol15m_grd.dgn\Polyline,Layer,-1,-1;LvlDesc "LvlDesc" true true false 255 Text 0 0 ,First,#,C:\test\admpol15m_grd.dgn\Polyline,LvlDesc,-1,-1;LyrFrzn "LyrFrzn" true true false 2 Short 0 0 ,First,#,C:\test\admpol15m_grd.dgn\Polyline,LyrFrzn,-1,-1;LyrLock "LyrLock" true true false 2 Short 0 0 ,First,#,C:\test\admpol15m_grd.dgn\Polyline,LyrLock,-1,-1;LyrOn "LyrOn" true true false 2 Short 0 0 ,First,#,C:\test\admpol15m_grd.dgn\Polyline,LyrOn,-1,-1;LvlPlot "LvlPlot" true true false 2 Short 0 0 ,First,#,C:\test\admpol15m_grd.dgn\Polyline,LvlPlot,-1,-1;Color "Color" true true false 2 Short 0 0 ,First,#,C:\test\admpol15m_grd.dgn\Polyline,Color,-1,-1;EntColor "EntColor" true true false 2 Short 0 0 ,First,#,C:\test\admpol15m_grd.dgn\Polyline,EntColor,-1,-1;LyrColor "LyrColor" true true false 2 Short 0 0 ,First,#,C:\test\admpol15m_grd.dgn\Polyline,LyrColor,-1,-1;Linetype "Linetype" true true false 255 Text 0 0 ,First,#,C:\test\admpol15m_grd.dgn\Polyline,Linetype,-1,-1;EntLinetyp "EntLinetyp" true true false 255 Text 0 0 ,First,#,C:\test\admpol15m_grd.dgn\Polyline,EntLinetype,-1,-1;LyrLnType "LyrLnType" true true false 255 Text 0 0 ,First,#,C:\test\admpol15m_grd.dgn\Polyline,LyrLnType,-1,-1;Elevation "Elevation" true true false 8 Double 0 0 ,First,#,C:\test\admpol15m_grd.dgn\Polyline,Elevation,-1,-1;Class "Class" true true false 24 Text 0 0 ,First,#,C:\test\admpol15m_grd.dgn\Polyline,Class,-1,-1;GGroup "GGroup" true true false 2 Short 0 0 ,First,#,C:\test\admpol15m_grd.dgn\Polyline,GGroup,-1,-1;CadModel "CadModel" true true false 255 Text 0 0 ,First,#,C:\test\admpol15m_grd.dgn\Polyline,CadModel,-1,-1;Fill "Fill" true true false 2 Short 0 0 ,First,#,C:\test\admpol15m_grd.dgn\Polyline,Fill,-1,-1;LineWt "LineWt" true true false 2 Short 0 0 ,First,#,C:\test\admpol15m_grd.dgn\Polyline,LineWt,-1,-1;EntLineWt "EntLineWt" true true false 2 Short 0 0 ,First,#,C:\test\admpol15m_grd.dgn\Polyline,EntLineWt,-1,-1;LyrLineWt "LyrLineWt" true true false 2 Short 0 0 ,First,#,C:\test\admpol15m_grd.dgn\Polyline,LyrLineWt,-1,-1;RefName "RefName" true true false 255 Text 0 0 ,First,#,C:\test\admpol15m_grd.dgn\Polyline,RefName,-1,-1;LTScale "LTScale" true true false 8 Double 0 0 ,First,#,C:\test\admpol15m_grd.dgn\Polyline,LTScale,-1,-1;QrotW "QrotW" true true false 8 Double 0 0 ,First,#,C:\test\admpol15m_grd.dgn\Polyline,QrotW,-1,-1;QrotX "QrotX" true true false 8 Double 0 0 ,First,#,C:\test\admpol15m_grd.dgn\Polyline,QrotX,-1,-1;QrotY "QrotY" true true false 8 Double 0 0 ,First,#,C:\test\admpol15m_grd.dgn\Polyline,QrotY,-1,-1;QrotZ "QrotZ" true true false 8 Double 0 0 ,First,#,C:\test\admpol15m_grd.dgn\Polyline,QrotZ,-1,-1;DocName "DocName" true true false 255 Text 0 0 ,First,#,C:\test\admpol15m_grd.dgn\Polyline,DocName,-1,-1;DocPath "DocPath" true true false 4096 Text 0 0 ,First,#,C:\test\admpol15m_grd.dgn\Polyline,DocPath,-1,-1;DocType "DocType" true true false 32 Text 0 0 ,First,#,C:\test\admpol15m_grd.dgn\Polyline,DocType,-1,-1;DocVer "DocVer" true true false 16 Text 0 0 ,First,#,C:\test\admpol15m_grd.dgn\Polyline,DocVer,-1,-1;MsLink_DMR "MsLink_DMR" true true false 4 Long 0 0 ,First,#,C:\test\admpol15m_grd.dgn\Polyline,MsLink-DMRS,-1,-1;MsCtlg_DMR "MsCtlg_DMR" true true false 4 Long 0 0 ,First,#,C:\test\admpol15m_grd.dgn\Polyline,MsCtlg-DMRS,-1,-1;MsLink_D_1 "MsLink_D_1" true true false 4 Long 0 0 ,First,#,C:\test\admpol15m_grd.dgn\Polyline,MsLink-DMRS1,-1,-1;MsCtlg_D_1 "MsCtlg_D_1" true true false 4 Long 0 0 ,First,#,C:\test\admpol15m_grd.dgn\Polyline,MsCtlg-DMRS1,-1,-1" #</Process><Process ToolSource="c:\program files (x86)\arcgis\desktop10.7\ArcToolbox\Toolboxes\Data Management Tools.tbx\FeatureToPolygon" Date="20200508" Time="145727">FeatureToPolygon line "D:\DATA_ARCHIVAL\GEOGRAPHICAL_MAPS_OF_INDIA\DGN_GEOGRAPHICAL_MAP\POLITICAL_MAP_OF_INDIA\POLITICAL FINAL 15M\outline data 15m polmap\polymap15m_area.shp" # ATTRIBUTES #</Process></lineage></DataProperties><SyncDate>20200508</SyncDate><SyncTime>14572600</SyncTime><ModDate>20200508</ModDate><ModTime>14572600</ModTime></Esri><dataIdInfo><envirDesc Sync="TRUE">Microsoft Windows 7 Version 6.1 (Build 7601) Service Pack 1; Esri ArcGIS 10.7.1.11595</envirDesc><dataLang><languageCode value="eng" Sync="TRUE"></languageCode><countryCode value="IND" Sync="TRUE"></countryCode></dataLang><idCitation><resTitle Sync="TRUE">polymap15m_area</resTitle><presForm><PresFormCd value="005" Sync="TRUE"></PresFormCd></presForm></idCitation><spatRpType><SpatRepTypCd value="001" Sync="TRUE"></SpatRepTypCd></spatRpType></dataIdInfo><mdLang><languageCode value="eng" Sync="TRUE"></languageCode><countryCode value="IND" Sync="TRUE"></countryCode></mdLang><mdChar><CharSetCd value="004" Sync="TRUE"></CharSetCd></mdChar><distInfo><distFormat><formatName Sync="TRUE">Shapefile</formatName></distFormat><distTranOps><transSize Sync="TRUE">0.000</transSize></distTranOps></distInfo><mdHrLv><ScopeCd value="005" Sync="TRUE"></ScopeCd></mdHrLv><mdHrLvName Sync="TRUE">dataset</mdHrLvName><refSysInfo><RefSystem><refSysID><identCode code="0" Sync="TRUE"></identCode></refSysID></RefSystem></refSysInfo><spatRepInfo><VectSpatRep><geometObjs Name="polymap15m_area"><geoObjTyp><GeoObjTypCd value="002" Sync="TRUE"></GeoObjTypCd></geoObjTyp><geoObjCnt Sync="TRUE">0</geoObjCnt></geometObjs><topLvl><TopoLevCd value="001" Sync="TRUE"></TopoLevCd></topLvl></VectSpatRep></spatRepInfo><spdoinfo><ptvctinf><esriterm Name="polymap15m_area"><efeatyp Sync="TRUE">Simple</efeatyp><efeageom code="4" Sync="TRUE"></efeageom><esritopo Sync="TRUE">FALSE</esritopo><efeacnt Sync="TRUE">0</efeacnt><spindex Sync="TRUE">FALSE</spindex><linrefer Sync="TRUE">FALSE</linrefer></esriterm></ptvctinf></spdoinfo><eainfo><detailed Name="polymap15m_area"><enttyp><enttypl Sync="TRUE">polymap15m_area</enttypl><enttypt Sync="TRUE">Feature Class</enttypt><enttypc Sync="TRUE">0</enttypc></enttyp><attr><attrlabl Sync="TRUE">FID</attrlabl><attalias Sync="TRUE">FID</attalias><attrtype Sync="TRUE">OID</attrtype><attwidth Sync="TRUE">4</attwidth><atprecis Sync="TRUE">0</atprecis><attscale Sync="TRUE">0</attscale><attrdef Sync="TRUE">Internal feature number.</attrdef><attrdefs Sync="TRUE">Esri</attrdefs><attrdomv><udom Sync="TRUE">Sequential unique whole numbers that are automatically generated.</udom></attrdomv></attr><attr><attrlabl Sync="TRUE">Shape</attrlabl><attalias Sync="TRUE">Shape</attalias><attrtype Sync="TRUE">Geometry</attrtype><attwidth Sync="TRUE">0</attwidth><atprecis Sync="TRUE">0</atprecis><attscale Sync="TRUE">0</attscale><attrdef Sync="TRUE">Feature geometry.</attrdef><attrdefs Sync="TRUE">Esri</attrdefs><attrdomv><udom Sync="TRUE">Coordinates defining the features.</udom></attrdomv></attr><attr><attrlabl Sync="TRUE">Id</attrlabl><attalias Sync="TRUE">Id</attalias><attrtype Sync="TRUE">Integer</attrtype><attwidth Sync="TRUE">6</attwidth><atprecis Sync="TRUE">6</atprecis><attscale Sync="TRUE">0</attscale></attr></detailed></eainfo><mdDateSt Sync="TRUE">20200508</mdDateSt></metadata>
